t [years],x [Hares],y [Lynx]
1900.011668,30.0796576,4.270568671
1900.972739,47.15296331,6.304045581
1901.993621,70.53871108,10.00823292
1902.9783,77.21391963,35.80778038
1904.017992,36.54113734,58.82274685
1905.009432,20.19241045,41.91679843
1905.99662,18.32648165,19.44054305
1906.98228,21.65950602,13.11836868
1907.989368,22.02150919,8.838449376
1908.995584,25.35434273,9.200452538
1910.002126,27.57311488,7.705877542
1910.964397,40.56152882,8.253748432
1911.966741,57.07742217,12.8865111
1912.947713,76.37865983,19.37566109
1913.982607,52.04544463,45.9182978
1914.978845,19.35715065,50.92260509
1915.94744,10.80704433,29.746088
1916.95551,7.826863312,16.367619
1917.960744,14.50188103,9.674090835
1918.96745,16.16362249,10.03628483
1919.930811,25.43849845,8.54190066
